<?xml version="1.1" encoding="UTF-8" standalone="yes"?>
<addon id="plugin.streaming.cava" name="Streaming Italiano" version="0.0.1" provider-name="Luca">
    <requires>
        <import addon="xbmc.python" version="2.24.0"/>
        <import addon="script.module.routing" version="0.2.0"/>
        <import addon="script.module.simplejson" version="3.3.0"/>
        <import addon="script.module.urlresolver" version="3.0.0"/>
        <import addon="script.module.beautifulsoup4" version="4.5.3"/>
        <import addon="script.module.requests" version="2.22.0"/>
    </requires>
    <extension point="xbmc.python.pluginsource" library="main.py">
        <provides>video</provides>
    </extension>
    <extension point="xbmc.addon.metadata">
        <summary lang="en_GB">streaming film e serie tv</summary>
        <description lang="en_GB"></description>
        <language></language>
        <platform>android linux</platform>
        <license>MIT</license>
        <forum></forum>
        <website></website>
        <email></email>
        <source></source>
        <news></news>
        <disclaimer></disclaimer>
        <assets>
            <icon>resources/icon.png</icon>
            <fanart>resources/fanart.jpg</fanart>
        </assets>
    </extension>
</addon>
