<?xml version='1.0' encoding='UTF-8'?>
<addons><addon id="repository.cava" name="Streaming Italia" provider-name="Luca" version="1.0">
  <extension point="xbmc.addon.repository">
    <info compressed="false">https://github.com/lgaravaglia999/repo/raw/master/zips/addons.xml</info>
    <checksum>https://github.com/lgaravaglia999/repo/raw/master/zips/addons.xml.md5</checksum>
    <datadir zip="true">https://github.com/lgaravaglia999/repo/raw/master/zips/</datadir>
  </extension>
</addon></addons>  
